Present_b,Search_b,ID,Present_2wa,Search_2wa,Present_4wa,Search_4wa
10,26,0BywrMoxyK4CqTMrfzhRpBuPGt96G3J4',NA,NA,NA,NA
35,20,0Ck8CVM19UcALyJD3GJeBIGFZfhobzUG',NA,NA,NA,NA
35,22,0GDq2cqvb1Oc9JXfbVHLsgMmKKrriJnb',NA,NA,NA,NA
24,29,0HKfQ1NminfmleDTrLGAOupENvFCOScy',31,26,NA,NA
22,23,0HhrbLWHE8U4H89IuzKMG57pDS6ThiMD',6,7,NA,NA
28,21,0SpbK7oeEQ8T44lLx289zovExNYwyHo7',26,22,29,35
28,13,0T29g5nEseP9NnyAzVlJnAhZBFdBmrhK',NA,NA,NA,NA
34,35,0WgOJ6TzPevthhgYwBiGIYUVTRLK4U14',NA,NA,NA,NA
9,30,0d2Ei33sA5FI6lPfSvj2Cd6WI74Mz8Kn',24,32,11,27
29,35,0igONbW1D9ACJMpdvBjfUl1gXnO9HEXY',29,33,28,22
10,33,0r5CtVxhWhwXxkD5joYACGRTsrDp5SW6',NA,NA,NA,NA
22,23,0xl9aOn443FPoO5fIYx1ViAJNHU2oQ2b',20,20,22,20
7,33,110MeSYj51z2UIBlqEEfrXfnu8P8YDNf',13,27,11,31
23,27,13V1wFDWkZZCsltVC3qMt3UTXOcSRLJR',35,5,34,5
26,22,1EpRrx2iT1BMaXW0teIro7Gjk4YJwb4H',33,20,31,13
6,29,1Kazn001wB9m6dC0uYsqYLUctkkBOZFv',NA,NA,NA,NA
30,20,1MpYOQXSVeyxc0C3WJeEUoZaCNyeVLzk',32,20,32,18
11,33,1RE89CQYnsQsIN08789lxSPvZGQ0kVqJ',NA,NA,NA,NA
33,12,1cnHJBMSIBxMgEseqRbyJyyzgAno6Bl4',31,17,30,15
15,34,1eeIUMSgRV2zDdiu3G90U6BdwvttbKVz',NA,NA,NA,NA
33,33,1gRiXpxtr4t0XnQaT2XhIKegrs5vJzPc',35,35,NA,NA
29,17,1nLZULE2CrMqTxWoWWmYIJufyXFjxvaV',NA,NA,NA,NA
23,28,1vuNPFqPZnHeCiILSZojwyITU0yzrDPb',29,20,NA,NA
27,30,1w7i6Q30URyIGDs0g9VuLjtokyfdiixv',NA,NA,NA,NA
17,21,27OvjWexPn0bNYCgjRu70T3nawjDl8XO',NA,NA,NA,NA
31,22,2BAXde40CfihxgkRudGSWixte0TwFBqP',35,20,NA,NA
21,22,2BDqoH7io0IN3oOqlFphFmuysZdz8x3o',NA,NA,NA,NA
28,17,2D0nZNVq5FIzwEjTOm297LuMAryGuCZ8',NA,NA,NA,NA
32,34,2HrQhsToZSsMnpJV4yXl43jDH41x7bW0',NA,NA,NA,NA
19,15,2QV00nJf0TVNXvmwsKxadP2Xe0vaf4Rh',25,20,21,15
28,22,2RDAuUvnarz7ToFa2bShZ0CISClWBhxX',NA,NA,NA,NA
29,26,31Ar1y9TcVWgJSB1yMG9W4w9hVOsEWjB',29,26,NA,NA
29,27,322HT44ysh8vnvKgaExcdlMgZYVSwmPn',NA,NA,NA,NA
9,35,3BvEDI7sCLinJSTh3DgvPDPzqh2wxkiw',13,33,5,35
NA,NA,3CvCNhVceRSUPr7ztMTZpMz80LmY4X68',NA,NA,NA,NA
20,19,3EBloCeOPih6wMKBEMY7hm3CtWxkxKGa',NA,NA,NA,NA
11,30,3PJEPEamQ1aZ1Bv4PfcXunRnEPYa3VsZ',NA,NA,NA,NA
32,34,3UJ0EWxDyW1JfMKtsCh9rhafFWqiZ1IB',29,30,30,32
23,30,3W5t8CrqfYpU4vPBzUrAUHwzWkSMyTTZ',25,27,25,24
22,29,3aPNeFg0HTX0q7QXKxvzMB9gLyZT21rJ',20,30,NA,NA
30,27,3crgbgnDTPRzWtRxNz7TwONq9mBLU0Qt',NA,NA,NA,NA
34,8,3dRUfNHiMWLi7bWoJLVrN6U9W0fJDgvM',NA,NA,NA,NA
22,28,3eb0P5noEX390iKO06vGuPkAnNd6tvEP',25,24,NA,NA
NA,NA,3rYmltq7WXSvqqMv4hiwewaf7FJjCVN6',29,27,30,24
16,31,3sQKFmTZlUfI0xjVOex1UumNR6DeouR4',NA,NA,NA,NA
33,13,3xepI9aneBpzJidxSmazlfBXGZDzoOOu',33,14,35,11
13,11,42QQLkNPGI3H3uXFGTMVMsubHSHvWbJk',NA,NA,5,11
11,24,45WfRJ6dFFDP3yzjxRCUDtMvzFUzMD19',19,24,13,21
19,25,45YyRDDkQd1pBYo8lAGfsZckZGq5xWpt',NA,NA,NA,NA
12,32,45ttCFTruieC9PJunBGEXnC7F6YutnuG',9,32,9,28
26,15,47s6hmBXoyO6afPvKeyTKBl0dGj7lexq',28,14,NA,NA
19,31,497v5DNNWakOhnGD0eicRS3yLtPTeWjK',30,27,31,18
27,22,4BHYj9aKg4rqU12nPaRjKwBN0u4bUYQm',27,24,23,22
26,27,4EELkWkdS7lQ5NXK11guxlCCTZxrXk9V',29,25,21,26
18,25,4Pg9LrTYdX1Er2qFhNTBZFTYbszSC3MU',15,23,19,23
34,29,4RjLOZNPaUuxGIda2Dv3bBb8znfIPjv4',32,27,NA,NA
20,20,4dkN6xxHeKSIbywRXetWU2UHCtBzMxIH',NA,NA,NA,NA
27,26,4tjm2EgDA30sl73kEytv2mPOYjwGLEd3',29,23,NA,NA
27,27,4ud2ZrJVsGl08XdcclpvdK5XhFAutSHR',26,25,24,23
17,35,4vxWy0ZL83FDRJBViYDq5o4Y17jzZ2jb',NA,NA,NA,NA
16,32,5083eeuZqUmhXinzETdBWwQJxILAtBdy',24,26,27,31
27,33,50mzWV5g3SFoP37j4x85oYhRA60MCCji',30,31,NA,NA
11,14,54FkzpHbG0Hlhc6fN5cOJ7POf7JIVHk3',7,28,5,26
21,29,5DJTsUo9hwyym99TcCP94ybqnw6UZUgE',NA,NA,NA,NA
6,33,5ERFpoIcBJFWeuxumTvS1jI4k3GYhVxN',9,32,8,33
13,34,5F4VAT1iIJTT62nddwiCjuRpmuKUx20E',NA,NA,NA,NA
22,14,5KnLi8KDT7dEXLN879ogqf626LYiM9rQ',NA,NA,NA,NA
11,31,5Kw98tAVIREqFBpo38G1N0rSfUNfEQuj',NA,NA,NA,NA
21,17,5MOruuCnFhICpw13QCx0sSS7gj24u4pd',23,19,NA,NA
25,22,5NaVG89Wv9ZQGkkKJOE7ZbvOIHR5ThKN',NA,NA,NA,NA
29,29,5Ob62HnyiBFJBuJWol7bRjV8jMDtgq1Y',NA,NA,NA,NA
19,31,5Rg6dK4woWQxXZYX12yhvytKR71me4TY',NA,NA,NA,NA
14,28,5RxmafqQXsBocpQBhtK4r32lMkf3ikP7',24,26,21,22
20,28,5TFoZcTerQ3ciuHMVJPFIvWNImlKRnLU',19,25,18,22
NA,NA,5W2i29T9mckBtxQ0hKnj0VrKElTdnciI',21,33,NA,NA
30,28,5XAVyXgXTrf98jCMG3iDvVwzPwAuKxey',NA,NA,NA,NA
19,33,5i90xstVoVwfvQAnk1xkjODlTyvZhZAG',17,29,NA,NA
35,25,5lvdjQcdPoExyWREqdAMlWSR5hxFDlyf',NA,NA,35,18
NA,NA,5xbuwzF0NaN7sDrxj3VGa1OCgahEUZd7',NA,NA,NA,NA
NA,NA,5zU9zcNBFB4qcjoxaZwkiQAlDSYFgFMo',33,5,35,9
NA,NA,5zvmrn00l81vXktfBfQu5Rpt5Uw90NnS',15,26,13,23
29,19,61ijlttHo5zzAkroVzPjfhvJUGG7v3XF',NA,NA,NA,NA
23,29,66xOM0wMyWx3k93leP7quwJ9suOPOoP4',NA,NA,NA,NA
14,27,6KG50D5imSbwge9AbNs60HMmiVfpaiOa',NA,NA,NA,NA
23,19,6KTbRS93GexqHVVziXO49DT6g1QbzE77',NA,NA,NA,NA
11,27,6N9SaheBTy6QWqlE4h8gpte3gLfX8Vq2',NA,NA,NA,NA
30,32,6Yf6RLQKvc2eLqVC598B9tU0rmhBa6L1',NA,NA,NA,NA
26,32,6cfI3j63mrgSfNu50TJWgy5LtoU9P0xq',25,35,23,32
34,7,6zJVk6PStjC5fq4TpipKImVwA63KyBqU',NA,NA,NA,NA
23,18,70Q9qKrSWK5X7GHW8eBR352ldKaHrFWn',19,14,20,10
23,34,72OsmpnWY4ais6UUGjEe1TSahgLKNB4H',NA,NA,NA,NA
5,35,770bkENtKzAgjNBmo0HNLdaeTv2a0Oql',7,33,NA,NA
35,5,77bgvoogFFd8kVbnP6byjYFhTdMWJIEJ',NA,NA,NA,NA
23,20,7CdDUHwb8Z4uygOmd4aWd5EDiczfXdWb',NA,NA,NA,NA
27,27,7JephJbmOnRJ5WyAEsNuT15WO2PLGU16',NA,NA,27,24
35,30,7Lm1jc8oCGmajkPjIrcam3jxvo6oYNPY',NA,NA,NA,NA
19,17,7Q7zagACQtAdpoiTtHokQZqqEFRXQx1M',28,6,20,5
NA,NA,7UJ2iEcvOo6CidI159N95e3ZQSIqGr6o',26,20,25,21
34,25,7btxsniiOgorpWAH4HijMdwbd8zmFbrF',NA,NA,NA,NA
32,19,7cbzTndrxUIeykzLM4VlU0jLAbjp7w3P',33,21,NA,NA
NA,NA,7ltD978kU6ExxJEHgJcbRZEFVRkXYNqc',22,20,22,26
NA,NA,7rx5N1VyUftP0ADaliqcXlS9TKP9MDGy',10,33,10,32
21,25,7tm9YyNzGNd4GuvU2MJNKXFBcg8Saaj2',NA,NA,NA,NA
12,23,84kYa11qIAXaFbM93JfFgVLMxpkX27a2',NA,NA,NA,NA
NA,NA,88HGv1GzpXK1AKWEG2d1fzYE5K8RcDCd',NA,NA,27,26
NA,NA,8ANgbKuTPWmSoDIROmSy0V199wvDkrOQ',NA,NA,NA,NA
NA,NA,8JSvshdxjjkE6pm73yjdUJ99R7pgw3Nf',NA,NA,NA,NA
NA,NA,8Npf6IMKga9ge1guwLogp47IzKPC8Anu',NA,NA,NA,NA
18,23,8RdgiXqj9li6qSTDDdMbsGzO8fC00stP',NA,NA,NA,NA
24,26,8cT55fMiLLYLtQ9OKl8EgDGVJvwLRi45',NA,NA,26,26
14,34,8jm1tXfhTnXSfwnbmdN77JOEQhbiZZQD',NA,NA,NA,NA
27,27,8oe6BYZsAwmkOrYz0uUi0mgml8GZsVOX',27,26,28,25
25,21,8paLJ4Y1xN2kLJRGkoLM9do9z3kf0KEC',NA,NA,NA,NA
29,26,8uA4a6TwlBSJhOrN987U3v7IOd5kt6Js',29,28,NA,NA
8,24,8vS0Jdk5hnvt7fyWeWFolDMyCZJnhn3Z',NA,NA,NA,NA
23,21,8z1szf6SaS87DDOBAZ31n6jW9Gz2ufba',NA,NA,25,26
30,25,97FRaFPDpdCdJi6YL9vxDJ9zj2q5LhJf',31,26,NA,NA
14,28,9Gk7hHApyljfCrDkggLuwP6fnUbWXOVC',NA,NA,NA,NA
NA,NA,9IGP7fYgGGMzqK7DfCJquIMtGH9xi044',22,24,NA,NA
NA,NA,9NKjuLbXaJG67L0JkrFcvgjAiAveX2pk',NA,NA,NA,NA
27,19,9SVA6lB9UZJ8CqmqlxP9tR2hWJQlm4wR',NA,NA,NA,NA
27,35,9fbYPqlaMxbxDTLu5PKMgw9sJFlt1v3d',NA,NA,NA,NA
9,21,9gWoqbXXzsLzFJwWhWbBuqE76BBk9ity',NA,NA,NA,NA
27,32,9iI6DKRoCjEQZcWG8YGntGvt4BZlHRWr',25,28,NA,NA
33,33,9iPQTEGp3bjruDjC46J9luOIhC7J3WMx',NA,NA,NA,NA
15,33,9pjoS0TLagdfR0QUKwDhsCPmvjx0FPY1',23,32,24,31
9,21,9wjxXaFTB8rF5AHK2DFZQpYsvLtzKmB4',18,21,16,14
NA,NA,A531hwThAGYacN1Z00YgAhymi3KfZ3os',22,23,25,8
NA,NA,ACPqqYBAVVpbrbuvaOU82n3JrT5uYV10',NA,NA,NA,NA
13,28,AEOrEWNGE5x2JjZN3b334BoSoTZNlj1X',NA,NA,NA,NA
17,5,AMkHsibUG8klMI6BQKMSGp61DPNAXF6F',11,5,NA,NA
10,35,AOZ7kOAvf6JcIKSiTxPY9rHj9wemkLuP',NA,NA,NA,NA
28,23,APoT6uRdw7kHZnMrjF4Px09NlPcF4FKp',31,22,31,21
27,33,AeSLE4e9KOmuNxTIyOdSuDQ8J1CEri3h',25,34,28,33
7,26,AiMxzi9jXXuWzPBb4qNjI3zutiL9yFRk',29,20,NA,NA
29,31,AoBrH0wKoCUKZLbvHsU6VJFAKaJXrjVV',NA,NA,NA,NA
30,24,Ap6tgyd2S0u4fHoxIIzU4AukoY5F7SH8',NA,NA,NA,NA
14,24,Aw4FDm6XxUJiRuwC8L3Zonwm9RQyxG15',19,25,15,23
26,32,AxyZSDsBAwxUBMDttWJDizEygjPFYpuv',NA,NA,NA,NA
14,16,B6hyMy6Gbl3ztHoPu69Ti8nyOsduReYK',NA,NA,NA,NA
26,22,BSHjYIU6H4qNI7Ohra3GogfV8W9VuI36',NA,NA,NA,NA
20,28,BTA86viQTK5FVck4rtzZByIKOrgH0zd2',NA,NA,NA,NA
21,31,BWcJYFPD4RlzOSyyjtk1zz2S5XOz7yTj',20,31,15,30
23,31,BZAbXJeYvT2s5btS2rilCO6XcNDicZd1',22,33,24,31
13,29,Bahoe8xF2l1WSQgwSQJl2ZFssXUh2mfb',NA,NA,NA,NA
25,22,BeZfY3pIYBXK7u8bH1x3MPjdJv5djFki',NA,NA,NA,NA
33,22,BpdI1K9s7MhY2wZW66s7UXedutBuNK7b',NA,NA,NA,NA
18,12,BqnqZZ5tcap0Z5HI0L5XXyLPp7ysc5Hu',NA,NA,NA,NA
NA,NA,BtsOuwEPzJOiYAT3WGF5OpfZG056U4cI',27,25,NA,NA
12,27,BxBgPz8KhViaucgpEqBDrkiQQL1RRHgS',12,26,14,27
20,18,By9rMDGiESgBCEpJjKsFKnVs0weWmHxH',NA,NA,22,20
23,25,C6jeDJXvHpaOmejxLzUv2162DhRrpIhk',NA,NA,NA,NA
21,20,C7VKvfnvvHi0EA7sN59ZWtiH8aCTV4Y0',NA,NA,NA,NA
34,34,CALxcCvxQuZUHe4NUU8D0ARZyK1BAvAW',NA,NA,NA,NA
NA,NA,CDe6ECU8sKYyWTnWu4BZyHHEtEtyjOC6',34,11,NA,NA
11,33,CKJC0hp8pAjLB4JMkkPgJKp3xMaVtvXa',15,27,16,26
5,35,CX6w02qIpQTSnKRuID0xYcajbJQJXKjg',NA,NA,NA,NA
34,29,CYpl6V5sSvS8RW1HUUN8vBUpWKgYPaXI',NA,NA,33,31
26,19,CZtSaoh9TEPPRizf0lxQudtqfjZWOKzH',NA,NA,NA,NA
9,23,CckrE2AKMHfzDxrzMoLDnwl8zuCDzWYe',NA,NA,NA,NA
5,16,CiC0Ird1YFHAIMcBKiropcrMXKWSTTF3',NA,NA,NA,NA
20,15,Cr5wtgffzqwNsjl2A1kD25oWsqVtD9dv',NA,NA,NA,NA
30,33,CrKaKXldVNbWdrObJCsfSbDF9kyRcVto',NA,NA,NA,NA
16,25,D2MPZDvra3sqll6FjOHjjKbD7P89fQzk',30,21,NA,NA
21,19,D2rPkHHO6MxdZFC3Ev7lS6E1rHEazgE1',NA,NA,NA,NA
30,26,D9cOElgjC3faKATqByrtfKN2M3bKJh19',31,21,30,23
14,24,DKPi6J4BBQlUPYb9dy2IQOiKe1WamG2q',21,26,15,27
NA,NA,DS6kZTKzgsHMtHv0TjSN0fuajoem005n',NA,NA,NA,NA
31,15,DnbL0JIvjAfcv6B4vUROjTOFQvtA69Tz',32,15,NA,NA
20,29,E29X1jWxveXkOF1QWumgXyHwFgwzcuCF',NA,NA,NA,NA
35,23,E8EEJFSu8RRD0OD0mlZI1PaYvlhQmy2g',NA,NA,NA,NA
31,13,EGStigF2v8Eg89EM5pQKOIy1oDOClc9X',NA,NA,NA,NA
NA,NA,EfiyPqINOzJCdwqhxrsgHhpQo8Q6IYG8',NA,NA,NA,NA
33,21,EgLshHALpo6eaw3dZOtzrwL9g3FxG15M',33,20,28,20
26,26,Eh2iNcD71uYPiWIWaibbC61j2QytCNkm',NA,NA,NA,NA
34,23,EiFs6S0Vsbe2NTvb00GgXBNEC1Kl1Zxw',29,25,29,24
NA,NA,EiXp1Q7fu811KvUhK2vyEm2QmDjDFqlB',NA,NA,NA,NA
NA,NA,EylCQvhrC43q3Xh36ElQcUSghXy1Gost',NA,NA,NA,NA
24,25,F48Bo5mkS1uugro00Z0Dkbh0xJc7UMbg',NA,NA,NA,NA
23,30,FRCWnbaR0aPuRnJOv95KmhqFzCcFYW43',NA,NA,NA,NA
26,33,FS4DNLffkhNx0BE1BHGPU055lWH2B3tD',34,30,35,27
14,30,FTwPeGYAN0zclmtzby9El32eZYmT1FNP',NA,NA,NA,NA
22,35,FlqTPrzOtQF59hfVzCP1D68tOtPAuHUN',22,31,NA,NA
NA,NA,FnVREh5faoqPlIdYRShDii8EzSYGFoS8',NA,NA,NA,NA
16,18,FrYxPqGhz6rkdrgY64AnWPImzK50nOWU',NA,NA,NA,NA
12,24,Fz9LbG6vPEGOhTUo0olBgNd0Q8LAFMkO',NA,NA,NA,NA
14,27,FzTOs5Oc6gwbGLmwATQhYmze0Bneq2Gm',NA,NA,NA,NA
15,34,G5JPYChOlRyutVy3UePCFeHGFDVJ6LGN',5,28,5,27
24,21,GBUeoVj8uTUOxarRGdo1zKdnNcton4YZ',NA,NA,NA,NA
25,33,GDSpGwJvyYnRtoCRawOm1MSbzhK19lQa',19,34,24,22
22,15,GH7lanmplKJvKX5Q5ECDCvLEKsZopWs3',22,25,NA,NA
34,33,GHZWvfiI227rvqLm0TfJlXpzCo8AlruP',NA,NA,33,33
18,21,GNlHQwRlAieV4deMudzkIFObHnNqlUP1',26,23,23,20
21,17,GOxg7HL8KwjTVqqnTrYaNTiWclFXNA8G',30,20,28,11
35,20,GSOwe3aDfLVSmAKUCbaPxeHwhR1iaUOS',NA,NA,NA,NA
31,17,GYLrONKgAcGe1eCxxXaXu9T5z7UyHldS',NA,NA,NA,NA
NA,NA,GdlmaBqqfRBzCT85FFJT7fa4Y3gmKgat',NA,NA,NA,NA
10,29,GkNxRSL93ZAtU4mmJ1cuE2QIGUlK5S95',NA,NA,NA,NA
23,31,GrEaULadBlxT20SwI2WyhKreXYfhgeRn',22,28,NA,NA
19,23,Gtpalx65klgaxzq9WGJOf7K6X61WulJ4',13,34,15,28
10,32,GvUYiJvx3e96rv1awu4VOkRL4NWbMReI',20,27,22,31
24,29,GwOMxH1xoixt7vOOu0KeilL4ftVuoaCP',24,27,27,34
13,8,H9Ayrn5PBYDjHGVxpEnAA76dafeGsZlt',NA,NA,NA,NA
35,35,H9V924KsYK6Ny2ECK3WwgCh9FSpD0QvS',NA,NA,NA,NA
28,22,HEMYwKE565EOVVDqBk7tmBlk6FF4wBAe',NA,NA,NA,NA
12,30,HNOyhAKJ7IacWyHC6rHNPxcIGUDiuhnA',14,27,NA,NA
12,29,HPZv5I7GElUTUNDhePnqotfhf7SrIBbJ',24,31,19,26
20,21,HSG5nnD1U6Ch3xfIzQe2OrsRmaC2BL31',21,24,NA,NA
25,22,HVFzYDuUVbitFExhATwZowUT75D3rJXi',NA,NA,NA,NA
24,24,HapyhwvEOAZDxFZN5H8z1eQLEm8u8PZg',NA,NA,NA,NA
17,28,HbYTyT7SxXABSeQgjJzuk9BLzEE2mhGu',18,27,12,28
13,31,HiEQjZD5gvs3DePiPGVPu9lS52Zx5mnB',NA,NA,NA,NA
18,25,HqtTzwljFN3LvyimpHfWDyHWlaGeEhjl',NA,NA,NA,NA
25,30,Hy86TzQMOWbQhaxoaS47M48E7fwkQxYL',30,27,NA,NA
32,22,I35N91djYvrxKTL0NdpwyJaomQebLIsP',30,28,33,24
34,17,IHLx8zK6buLVtAcEoSycycINBQD5wVlZ',NA,NA,NA,NA
30,23,IIDlj56aj4qVjJSDrv5ZY6WEUzFQ5Ydh',29,30,NA,NA
11,31,IJEDTmtk6QC9hf6Uu3lc0l4TbrOtf2ty',NA,NA,NA,NA
13,33,IKBgteZVkyfVwwjDsb5Ag9Jzt30ooE5I',NA,NA,NA,NA
22,12,IN6vMTzxhQrPCFkVKMuzkh6LmAecDzU1',14,5,20,20
11,10,IQo2VaQ2w2Ve8gztCSKH4WuqoIqwCuVJ',8,7,10,9
30,17,IWKk9Z4OsnLwVG4HFUyaNfvu9FmRB6EQ',24,18,NA,NA
23,24,IWgoGHJIZ5ixGvTv2i5B0SfvXlpTI1Zd',NA,NA,NA,NA
28,34,IXoQP8ztA98TxnmwiLThdlHF47qZLjuT',30,29,29,26
24,32,IdvPcD7fSYX8yOBcTm3IfipnRbloXezU',NA,NA,NA,NA
25,25,IlY5HLjqnrYRSJlvsS3YbDAqaCZs9jHI',NA,NA,NA,NA
28,20,IojKm8KIK5LLDxHtYPx4WSnn3MqEwVJi',NA,NA,NA,NA
23,24,Iuyz27xrdfR0LWh416MAhRK9YBMEZhp8',NA,NA,NA,NA
20,23,Iw7CVtuiQMTnJXcsT7K8NO3obE2kbRoV',NA,NA,NA,NA
21,30,J0IlT1KPU4knUFYnsi4h0a5k7FyLqKCh',NA,NA,NA,NA
12,34,J2P33KZAzE9qP2axuPF9ls7wdCuu712L',NA,NA,NA,NA
24,29,J34irWkTnXALV2Bn9REPrjAhVWKiFDjr',24,29,21,29
33,22,JFom9INkyEyc8G6h3ciO6tLFezBwLWk1',30,10,32,7
31,22,JIn8IggAqoZP0umGUeZ2pm621b2K6aBs',NA,NA,NA,NA
26,23,JZxfCt6P0QDzBVd0ePGhbrIHx30AZipM',NA,NA,NA,NA
23,25,Jc8uHcFSUjuCWoA79aaeg40NPJ4MmMoM',NA,NA,NA,NA
NA,NA,JjZK95EZPZECeQZsHMdKspYEf8lAqsxF',NA,NA,NA,NA
NA,NA,JmJB2NcTmxufDEdf0PaSyR665Nwmkzwf',NA,NA,NA,NA
13,25,Jn8hsgfIaaxsv0OvOPm4C7hoQYJt1CHj',NA,NA,NA,NA
9,33,JthKqmx5SW2h24MBbXWNdXUuupWTSM01',19,27,NA,NA
26,24,JwM2ugys03ALOwV4n5c8Uk797eHrq98R',NA,NA,NA,NA
34,34,K1NQjrZBZa3YaI0s2VshyHMFMTXK2kBV',34,35,NA,NA
19,22,KEz5vSVWdEvCGYXf4StfkqvfSkOP8jjj',20,23,19,21
19,25,KJAjuBXshdZ7RgEX3But9c9wOMmEb4RL',24,23,NA,NA
28,30,KKSm5IlyLGkFJ08fCbxbAch1Bm4whiCP',27,19,NA,NA
10,33,KQpEbjFMInGYd6ZVbcb7fwFIGrOzdR0E',NA,NA,NA,NA
19,23,KUGQrRf2ZU7KiQixfJKElwR22Ni7clbk',16,25,15,19
25,18,KWhAWe5l0dCkzxYZDzdSVKphGzbcsPFJ',25,16,22,23
19,32,KjwfvEtqGnI1dwdab21u1lxO504EFp8F',26,26,24,24
15,24,KkwWsSlUvKFADcYRSeaSObAd9NAaFGMO',NA,NA,NA,NA
24,25,KorNfBbSX3kEhPw2TY63hY0bF9CPgYo2',NA,NA,NA,NA
32,26,L23VXsschQXjqTVDVffUL26d4fXAVsKa',NA,NA,30,35
23,21,L2MTmWHkFyr7gIG7BFsvmPmC24W66enr',24,18,24,20
23,15,L2MVwSrYLPRpboz9THCkmcQyb9jQ7SKB',10,14,NA,NA
21,19,LQVOOq3x3gIzPNgWocc8cX8rzaEQOtcO',22,14,NA,NA
25,35,LSYA6LhpKYTq79YtcZZtN5wTG30m3cEg',19,29,20,20
25,18,LSqsdpwkREba5wfY6qvnS2FLLMqFAnGj',18,23,23,28
31,10,LVB8K8CqNOZPD18coQOfmBL3vCs7Dk9n',31,13,NA,NA
21,23,LbZBLKw5dDxuuL5SmkyQg3Ah8eBRb5Ss',19,22,22,23
NA,NA,LnevfZaMPAQfOHan1nO2V4yXEDQK0Prx',NA,NA,NA,NA
NA,NA,LqSKoStfNUpBJNihaMEfuqkhmLmiZ8zT',NA,NA,21,19
NA,NA,LvjQkFnfjdYcf97QHCNBvYleMtYRakPg',18,23,NA,NA
14,8,M1YvdX5uBbeEgtr6EuO7du0CeITpgSHn',NA,NA,NA,NA
29,19,MCqePg2JwPJ2GQTCKw2VzrF16NecePng',NA,NA,NA,NA
18,31,MF2FXUkYohh2wOy92PZyGcVRpSkiFd1L',18,30,29,18
13,15,MMh3lavmrsENXEjCf9jdREKIBvM9ofOt',17,23,12,13
12,31,MQ1a8gCgUGZ7rtJdNKMjcLH7SpoigonN',NA,NA,NA,NA
31,27,MSxxU9Ti4GoTKtADUUzFVCAA47TjtpcP',NA,NA,NA,NA
NA,NA,MTJFBbhezCLaRyW38hHyeoUfjGUBFhjZ',23,25,17,21
26,35,MVG4q5zA03G0ZCuEwWfthPQtukRmvGND',NA,NA,NA,NA
9,31,MZErjMYAroRZzEcQiGAXqgeCUtW3eb09',NA,NA,NA,NA
23,31,McGSN5b7hc8E91nBYPzgtTSjnWbpNAtt',NA,NA,NA,NA
17,23,MdEZmuXivuFCCsw3TYMRBUqe293HNi1j',NA,NA,NA,NA
5,5,MdrCMlzfaJeYEbEKtGlWWj84CZfejZfZ',5,8,5,5
14,30,Moia3yzcUDx67Kbn5cI9LlEXA0RaDIuB',NA,NA,19,33
31,35,Mp3NsiLHwrmxpm2zdUK6wSysPbjATWcM',28,34,24,30
30,27,MuzBTRUGeaSO8vzRk2Upw8ggaGvrUWrT',NA,NA,NA,NA
NA,NA,N1ciUTs37zpyaMfJ6MLuAAR4aUlgQOQO',NA,NA,31,24
24,24,N5LFX0fYCSaIhPa5SWCKIr4opSWEfoRa',28,25,28,23
17,34,N5vcLhplprbvXgSWUEXibBA3Mh3ZvAbf',29,28,32,27
17,20,N9kY1GW364nY8ZNP43xJbzmptHbxb5La',NA,NA,NA,NA
27,26,NBYA6IbMyRF6E8AosNApB0bjLlsD2qgR',23,21,26,23
14,21,NF62IsPC2Rcd43KIs1sPPEJsMCwnl0d4',24,23,NA,NA
5,19,NGjJQ0bw4FGthzl2X3xs4B9tKWflAVYZ',NA,NA,NA,NA
29,27,NIIDqRo70UabJ6bzaB5zihQcAC4In5IO',28,29,NA,NA
12,29,NRi2Fn3Lzg9w0up2lKxVDx0KnkWfi20i',15,28,15,25
26,28,Na4cZi9hLIIJnyJ9VNr6XVwgkwTbX1g3',NA,NA,NA,NA
9,26,NbzjuIkbuPDLpuGTqiaQhPINWigIODN5',NA,NA,NA,NA
NA,NA,NkJFUyqJfXi0lCcY8G4oz6LH9XFCsdR3',NA,NA,NA,NA
30,32,NqTN8Q0JoV3RurnFscdUPRYa0ggBSTbL',NA,NA,NA,NA
22,30,NreK0znYBqvAcCBS85VeAXggsnejVZbU',NA,NA,NA,NA
35,11,NtojBq0Kyh5uw28vTPQvH05o8sygIrHv',35,25,35,25
20,28,O8KDvimA0JkSMc25SFFO0ltNsg02JIYZ',15,29,NA,NA
14,34,OJfWLF3bTmkoNjoAPbUOXcxGwkx1Vjm2',NA,NA,NA,NA
9,28,OOJgQEEUjBRkW9YwRI5KWXK3yFE3cMAM',NA,NA,NA,NA
30,29,OUV4xwNcnQkSmliEv1yg6gm7y4Tf7kBY',NA,NA,NA,NA
31,25,OV6LrFcSZQWxs4OdHuIPvaX4B6unM5xh',NA,NA,NA,NA
9,34,OVv4353iTk3ST7W15epo8eVkVXlos0Oh',NA,NA,NA,NA
24,30,OdmFt4A0mDhOobfIZfHj5J6Crdhrq62N',NA,NA,27,30
15,14,OjPBsL78TZM3afSqlVSCg2C8IAGo73dN',13,12,NA,NA
9,33,OnUvIdiwCTAsbbtwXWO5cuJlTXabGr2L',NA,NA,NA,NA
20,19,Op6o6Vux5theGsAAdaAKiHzBpevIcmbW',NA,NA,NA,NA
9,9,OqT9VxZrUPHQR5yK67I1CHneLuxrUEE9',NA,NA,NA,NA
20,20,OrhdpGVGhFNzR1dcn8AxEBl6y3IZV2ST',19,22,20,11
16,20,OuKHSRXUW4jF3PbRA2t3UPdeuuwsHYqg',14,12,NA,NA
NA,NA,PAKwwGawLvcWn6N1tvq0o5ao3ZRZBIqN',NA,NA,NA,NA
30,29,PH80Mvdl301qY5sb46QzsR3utuMfh0XI',27,25,27,25
18,28,PQSrj2qglApWv6Ria8GV5N3u4RXOcBlf',NA,NA,NA,NA
35,5,PVzdAivwBFa1RPScicI11Eqca6aQnGES',NA,NA,NA,NA
22,30,PaGohDbRGiEtwYkL9mz4DUIcqc747AJj',NA,NA,NA,NA
19,30,PcWoKXoMS7C4qhNiJfmUsMux2CxsCHny',27,30,21,28
11,28,QHVkJ6t1bDPQ6Y3VdIEHrnyY4CEPRzSk',20,27,14,22
27,19,QNlpY2Xm564NHurFxIQSPGIfUxSuA2NE',NA,NA,NA,NA
NA,NA,QOUKvfS9dzT3uJmBUPgfNqg9lD0U0FNf',30,28,29,26
19,20,QPI1TYRklq4vZyaN06ldXgbvdCsdZcXP',NA,NA,NA,NA
16,29,QPNaubazemKmSQTOJWitivgjQyPQCvjq',NA,NA,NA,NA
8,21,QR5XLWiiBNTD3BG2Cxq0xLsAPOJYImM3',15,21,12,23
6,30,QXTu3kRzEhBIMEJGsYnarxKXbQPXfLNW',NA,NA,NA,NA
35,26,QhAzb6ORHpWk9O26kinyfDhrXkHOI7ig',34,22,NA,NA
18,26,Ql8ajdOOJxfeiio69XUadtOSQkN2lwCC',NA,NA,NA,NA
31,26,QmOps66ORi82mjBDNnv76xypSB2Qf6XB',NA,NA,NA,NA
NA,NA,QnNula4tNIdZA8MlkgxqjuixQ72ZXYRI',10,31,10,34
NA,NA,QqVCgG0J3bhX1oIRn1gXt4arymt6i5sM',NA,NA,23,25
NA,NA,QrM6ZOPCfz9vpts1IpTfAkF28WApUsWV',NA,NA,NA,NA
10,20,Qu8vxLSCigqhoXcgwvDlxLwa8L2TVfOM',NA,NA,NA,NA
23,22,RBmIEGur4ob9xHDdtTLY1YvyU7nhRTHo',24,23,NA,NA
16,18,RClM9xcvfwNKoVlVHdt7HnzUX5CqFuck',NA,NA,NA,NA
25,24,RIccJ8z1WT1kxcEIRlWwIbNjB4dbPoiL',NA,NA,NA,NA
15,11,RMtiL5yOizBbhn04B7EgaZqNTMKKZG0w',NA,NA,NA,NA
24,35,RS0hTqr1b3DuwqNWyQ2fcjzWPxowfG5A',NA,NA,26,31
NA,NA,RXGL2lo1WTBBLuIZl87YMFHVKKQmFmv7',19,29,NA,NA
23,26,RaPE0JK8OxXbdGGOxX5eN6uEJ1l02q59',NA,NA,NA,NA
17,31,RikCIEqLOCQzn8Qb1voeIqg5RWrt9cFl',16,27,NA,NA
10,30,Rkxsxpublgnoo0EQmRxgWzNQUyqGfoxN',NA,NA,NA,NA
26,31,RsmFKIw5UgTqZ0oCBiYQXAIFppciAHbb',NA,NA,NA,NA
15,25,RtDmyfSYD9eEtn65jRAGaAKbt7UwKtEa',NA,NA,NA,NA
24,26,RtnNqvMhWjOEOhKreohRfdaFCep8WqNm',NA,NA,NA,NA
11,34,S0L9M3dwusvrTy2gXZMJluOr9ZNfq9G5',NA,NA,NA,NA
16,12,S1NxRkV4AoYS8LcMP01Pl3KoYB12cfkD',24,17,NA,NA
22,25,S1VE0f7aTaKdVrZqexym76t7VLQmEZVR',NA,NA,NA,NA
13,31,SHNOIOnqGSvaongTkJDktofw4eHzvvrc',14,24,10,25
33,35,SI3PVaUcJ5WcWzEv4PKru0DzgZYGacQY',NA,NA,NA,NA
34,24,SLErDGc22htBDIm4yRLxi4UsEoWkKl0l',31,19,NA,NA
31,17,SLKxMZQPpMZAUCZBr4WxWAGrdKoXPX5S',NA,NA,NA,NA
12,34,SPslRxB8NiQAQvzVK791YtHqDiXaHS5z',NA,NA,NA,NA
22,32,SUgkGqKzfX3Yty5fX0ZmWtK2JAvfsA5O',NA,NA,NA,NA
19,31,SVZhiUKYH6kikRkBQnXy1ViZMSARk2MQ',21,27,NA,NA
34,31,SpIYgLG6ZKYbmSuOlK1doX69EDMauHs6',31,25,32,30
23,26,SqCVNkUbSCs5tPbNDIghnNAhd23gQnq6',13,24,17,30
14,24,SsByh3v575fMtbiyRDf41apdHzTstvJd',NA,NA,NA,NA
11,25,SsktWPOjPUGiYSnaKsTPmujUfBiIHE2e',11,25,NA,NA
30,30,St2UMKknaFwsCEcnbaaP2RrNKVSF1BSM',NA,NA,NA,NA
24,17,T4MVVrs849CBsIz8vHVBEQjNtbKtOQnJ',NA,NA,NA,NA
21,28,T5zviwZPsr4yZnnldi5tBTFIf3gfqSb9',22,34,NA,NA
24,23,TF0VGnQ4Xw7dXoflRrvpYjIq5Brzbc8P',32,14,30,22
29,25,TGWXkdFdNxf0snDvrHRmeurwySfOTai6',30,27,NA,NA
26,30,TKaddl0oEmJKVTepF9SUGWYFwQorWioj',33,29,NA,NA
13,27,TO6eVwNy4EtR6nWhei1yRw4sOvS9RnwX',NA,NA,NA,NA
25,33,TXgQzkSPRRIoC3Y0uUhmxURKMS14ukPT',26,35,NA,NA
23,35,TbzR56gNJQDqlmk2lDkmuXpjDTqNp7qA',23,35,NA,NA
NA,NA,TdsifIT5hafWhl13JrP8WvqdCfv9altF',NA,NA,NA,NA
27,28,TkVYZN6vaIufN0QmCuEW9ojjC9MlQGMP',28,31,NA,NA
20,32,Tp5hYeBRW73oZZpzz5HgNhc51ZSNvNVF',18,31,21,28
20,35,Tr1elhAbPurkVDW6F65ghwlhnncmJGmu',NA,NA,NA,NA
26,24,U069ecgaWLwo98MXsBrGV4QUowrrgVzX',NA,NA,22,27
24,26,URspkmUkXt2h1oB8GtttKSg9E5CMLYfI',NA,NA,NA,NA
8,35,USeux3crkubtU9T687ucfJkHzDbly7mj',14,35,13,33
28,12,UT27cwsRaJEeBF1vA3RgtVGA4UQ4y9aP',28,11,NA,NA
28,26,UTDo9o2GZZgbtLcWD65p8nR6hYRgwLQ5',24,24,NA,NA
NA,NA,UVpJhQCKaTP9zmnsU9FKnoNGNUsh3zul',NA,NA,13,27
13,29,UbGGu3niRMyaXu8X8xTUlq7mibPOfcI9',NA,NA,NA,NA
NA,NA,UeLqaQ8khDWxPeR7WQxp2DMqFBvZAJHZ',32,30,NA,NA
18,17,UkSjugvbtgHMbOW9MCv2ovtzmRDtCSNu',NA,NA,22,24
26,21,UqL6rPGscj0io7sKabUU804wZIWv3Por',NA,NA,NA,NA
25,15,Uqyjd45e8un7Atvfnthn4e61HqUgTIUI',24,25,NA,NA
NA,NA,UrUS79my0p8nHdt4bFr5qCaEzDpmd1wa',NA,NA,NA,NA
18,29,Uru0YgCG4FwHqR58YIi25vDVZVATof1Q',NA,NA,NA,NA
NA,NA,UwBNoQrI6vnpKgNw5tNrLrzvdV3zne9C',22,22,NA,NA
20,26,UzqeETHg7q7PqoL1QyH7t5JXhVrbaeb1',NA,NA,NA,NA
14,21,V11qgFThW2SmAWFMYR4cyVwgMBWThe1v',17,15,18,17
NA,NA,V8FTE8zGvqaYrBo8U1XI0DOak5wCwIue',19,12,NA,NA
12,30,VF9qXldeokOCwHyc9IsExB427mHUUT3e',NA,NA,NA,NA
30,26,VL3sSdWR3EznUPKZUaIOnT9iWog6umSC',NA,NA,NA,NA
16,26,VNX5fU4JaAJ3RIKPtTk2sK7lec2GounY',NA,NA,17,28
18,27,VZO8UnY9C8y17SLBHQCJER7hBa4FY0VC',NA,NA,NA,NA
31,32,VZoULpkBPipYZznjM3wW2adsJ6ksHGrx',27,28,29,30
NA,NA,VgLY1NRrLFyA6SsNmVfpldFyhKLtx62p',NA,NA,11,34
18,34,VoegYZoiiTrVy4lZ7voC8IUm6ImCur34',NA,NA,NA,NA
NA,NA,Vt2NN7IPU5uYXgYr6i68Yg9BGycQUCGr',NA,NA,NA,NA
24,27,Vwt0JY5c97XvnlRJ2n6BkOLLjL1Hu2mQ',NA,NA,NA,NA
34,25,W1GWEnbWqnp2GstUgDNSakLDDvczWL0w',NA,NA,NA,NA
31,35,W43twjJN2BLHPiGiT5C2AM4tttin3p7K',30,33,NA,NA
13,24,WB7J4O6D7Rn42Gy6U1uuIuV4C0x5ji82',15,21,12,20
23,34,WMYuQzwOADJOPeTaRAgyuoQNVkDZlEWS',27,35,NA,NA
31,11,WP6ET9jT4Xnm0TRoucedk7jnpRY3JJjg',29,7,NA,NA
21,27,WaSnVBzmP0pDbbnhAjgO2uLsexHsc1TA',NA,NA,NA,NA
35,5,Wbu9VgviwIHtwlhKsccCa5km33Zk9iJG',35,9,35,5
28,29,WivAgvMQlhsjFlTP47XM84IVkdSrAZQK',NA,NA,NA,NA
NA,NA,WpZlvPaJsmxpLwKFVwDz2u0fNH6dux9H',NA,NA,NA,NA
27,20,WuMEUvDbsZqLnZJv4BsAUffGIiEnXhpg',NA,NA,NA,NA
14,16,WxSH2CObcKwbthVn8al7xW9L4PTCfvdd',NA,NA,NA,NA
25,25,XFkCAB1i0OMBO21E2xI4SVZkFMF4ZVHJ',25,18,28,10
16,32,XKD7lNXGYrJdbILnxo1RITf6SdjS5dtk',NA,NA,NA,NA
21,33,XOPiQV887QO1a32wAyqEjxvi5tymSACI',NA,NA,NA,NA
10,32,XR1fTiQARZP4hutUXl67OIW3XMZn48kd',18,27,NA,NA
28,25,XTmsetaxpu6D3DuvpHbxUITu7Ty1ss8d',NA,NA,NA,NA
11,35,XbiXy78wtRBcmY5UJxEeeT5ldYQCh0c7',NA,NA,NA,NA
19,29,XkDJfvQsP1h4F0zP5DMCle5kv7IFrpRH',NA,NA,NA,NA
21,25,Xt5N8CGsLcR0FVZLRhbH9RjjwYAkUiri',NA,NA,NA,NA
17,33,Y7dRMyAfYWY4QfOJHS5JgNRYyqjKTech',NA,NA,NA,NA
18,25,YDzwSAH7dngRdv2lf8bGMr5j26ZERaHt',19,26,19,31
8,27,YHRlG3lQeCxD3vxLEi41Jglkz12RUXnW',25,27,17,20
24,22,YYcKKFX0U4Ue5kIg1SI5aC84qREPHtEo',NA,NA,NA,NA
26,27,YgGshUowHyKvOzmaplwZgvB0NTVp9dNY',16,33,20,30
16,29,YqTEPUgzNM9LFkAxnQHSXQW2zDd7ZFii',13,26,20,22
29,13,Yr5t5il2CkAq2V7xsEwvBRofDGCyiH4o',NA,NA,NA,NA
NA,NA,YwgRmeff8CeCGfpdhCXp5iyxzocIZwnJ',NA,NA,NA,NA
NA,NA,Z8iwdPzlrtdwpcdNa1vcU8tfI9Nwy2XY',NA,NA,NA,NA
27,29,Z9F8wJnFPhJ9DyvSsr5BcBmgHaJNHaU3',NA,NA,NA,NA
18,18,Z9iSevRRoYiMmsRjDJCDKuVT2vDG2HmD',NA,NA,NA,NA
24,26,ZBJjhsRu9psvfkC5ZXb611nBIz33vmnE',NA,NA,NA,NA
23,23,ZBU4QP3RrqsaVHAf6wR3EHOhY6SyLCzm',23,18,NA,NA
29,27,ZFCo0p2IrSDkUCS6gtBg5md3ObowFvGN',NA,NA,NA,NA
15,29,ZOz1hPNbrDhzQJxrikoWo8t8nScn7eGY',NA,NA,NA,NA
15,24,ZQijnRSvx2Tk6i0eKBkYcy7lAtwFtBnm',24,29,33,33
32,24,ZRg0LgEUarx6fuB8nMJKtAtMGijJ2sJh',34,34,NA,NA
19,18,ZRnMXSu161giU3MMtFBzHt3eDJjwWTRN',21,28,NA,NA
29,18,ZVATKGJguNSlZiXtvAFrxhAy1ulvD2UE',28,24,NA,NA
31,31,ZWs2w7ptouQaVvJcsJMK1lDdXcQ7glHf',NA,NA,NA,NA
22,24,ZXBILdpNxNQ29Wd7kL5jDPOPDLN8izmb',NA,NA,NA,NA
NA,NA,Zb4z2Z4W4U5CLRFYhOk9Jr67EcHUoFcx',NA,NA,NA,NA
15,15,ZcZH9ZB1w9bd0AIOj8hFVX5mha0n4ckm',NA,NA,NA,NA
NA,NA,Zlib0eJ0dUim7RgkdvonOXBTK7bGqSaP',NA,NA,NA,NA
19,23,ZmTdNTO8MEdY686vh8ysEh0qw79d0zhy',NA,NA,NA,NA
27,7,aGbezp0k0fUnyc1j5h0i78ZAywRB6XDw',NA,NA,NA,NA
31,18,aKCJ3GTWa40d5sbe4jySgbWpDaKKOFXe',35,17,NA,NA
11,18,aMRgsuPYWd68FlFu4WUEHhutXRRbWJ31',NA,NA,NA,NA
19,35,aTQ1a8G7poa6NFGuAs7Pq9Naw2QilCXr',NA,NA,NA,NA
18,19,ah9JzOH5U7UildU4hCShLeQlnxjz1Eab',19,19,NA,NA
16,26,aucu6295q1LShURat3ChO0WM5ZpeV5DF',18,31,21,29
32,35,auh7qyK6RkJ9iKIsTUL7mo9zEV9tUucL',NA,NA,NA,NA
26,30,azoneDDGeohNhZvlqlpaccCm6FsAlhUa',NA,NA,NA,NA
22,20,b93GhG0ciYchGdzJqaZHEcLZVMLBqUJO',21,15,17,8
29,17,bFOtUAqYhKWlziTQB9cIAzfkTHOE8QRm',30,14,30,10
25,11,bLu18jS3I5V8qZk7TPwr9wRobpUHuuIq',NA,NA,NA,NA
19,21,bRFt0QQ7up2XCeheUKGRnvePZiIReAYQ',21,22,20,20
25,22,bSUl3GCDbZu5x0iiArjtl2a4myQyWL1x',NA,NA,NA,NA
17,28,bcxzOTgdsyw2DKeDpdcDAE0lfZR2CXWp',10,28,16,28
22,23,bsHJkkfySW39x936il9vBOOjpmzjiajg',NA,NA,NA,NA
28,26,btkMMPRvGPaSG7Ry8Q6CoWJILHMGKPSA',30,25,NA,NA
21,15,c6ixoVjDWTgK8ezrhmt6wfN6Q72cGPbN',NA,NA,NA,NA
24,21,cLbx9Mo31h5bJxyFWLDaISvxQgjIeUri',NA,NA,NA,NA
8,35,cMVZIQZ6G9Vs3mdTgXn1QFzsSr1PHaGM',NA,NA,NA,NA
28,27,cNMkfj4a6vueLbirBq5rJpuMXLH8HTGa',31,30,30,28
25,21,cWQIz2NoA0gXYpj8fHEqmfe9TiXtpij7',24,29,NA,NA
21,28,cnWizVz3ACICw13eyFBLKF2AWczg54yP',NA,NA,NA,NA
22,26,cpriSmIplOIo2SzXBX1bYk1UiIHdletT',NA,NA,NA,NA
23,28,crQ4vyD2FCpdBqOVtET7bv7S8QTtH6ja',NA,NA,NA,NA
13,24,csQVhdkHuGxSRcDZd3kOUGOACQoG9g80',NA,NA,NA,NA
24,22,ctRhEA55qlbYRlMXaRaiaKLToL9B5eCR',27,19,NA,NA
24,31,d1g3o0XuJgdGphZmURiiLNcR7FL1QHuf',NA,NA,NA,NA
6,27,d4mI7h1yPc8ZKSRqtDWFrXpHPiT72WmF',NA,NA,NA,NA
30,21,d5scUoLx0tXYPpRqR5axwF6uyfztWDl3',NA,NA,NA,NA
22,16,d5vaTRzGm0e3CD8JwcTOIq8VNc6I45xX',NA,NA,NA,NA
NA,NA,d8wjbOaBgFLESMZqqvnZCivdHt4NoHnr',NA,NA,NA,NA
35,22,dB8q90fXPRAJJxGpKijRsR1M4kH6v3YP',NA,NA,NA,NA
9,7,dFwA3mt1EGuXmcnZ540lq7piCkpnZno8',NA,NA,NA,NA
29,31,dMY1u34A3VF84Du2zfuY6PibASXd2wN3',NA,NA,NA,NA
32,18,dV368YdnrEJPjvZI80lQ8ucoLQG5poat',29,15,NA,NA
29,25,dVxC2Xo0SKoCyvgnmMQXFoPWH0duIncp',NA,NA,NA,NA
20,30,dm2OMyr9ac6w10IwQe2Gbz4ygVChQAzK',22,25,NA,NA
25,28,dnvPfujA4oc4QEIjtOUcsFYhcxSgnK7n',NA,NA,NA,NA
21,27,eIA2cPDKnaMhN9HebUQuZkPodGHCyhGJ',21,24,NA,NA
20,25,eJWBQe1spwMJvBEsBuXDxnpwM7tds4ev',NA,NA,NA,NA
9,32,eL9IU7ESfOcG2JwVUYgmDHnpyXXw8Tlg',9,28,14,27
35,12,eZHLckcPAsGdHnakW55r6hVYK77t6m6B',NA,NA,NA,NA
18,27,ebg6RJokiV3Ylb58NnBOKnnprsLFlnsE',25,30,25,29
28,35,egWvMrx6s9SjOapmQzkLDOzs4ri9dWYk',NA,NA,28,30
26,25,egXvFNaOlSgvYbdDn3DRLwRL84PdnpE0',NA,NA,NA,NA
31,23,ekrh3giLe03jE3AWh5rHr9CqOw4UiaY0',NA,NA,NA,NA
7,33,eqdfoJaO5Hjp1UVOyjK9fNcCb9KH3RiZ',NA,NA,NA,NA
8,22,etSTREG8SLAwJUKJpWsje89nImknjDHD',NA,NA,NA,NA
5,35,f7mZ9rhdb4Yw6rX1yyKwSfovhWxSAILy',33,9,35,5
31,18,fAd7ed1ZaRlux2SUhdu0Qp7jRn5eE6ah',NA,NA,NA,NA
21,26,fQnEK1b10u5ffzGMMPqFgsGMP7iwqSqY',19,21,21,26
NA,NA,fUQrDArRfeUG9wTPKhiH7wbRRx1495TA',NA,NA,NA,NA
5,35,fW3fT1fwzO0LevT1ZQ3WDMXamI5mildv',NA,NA,NA,NA
20,8,fY3rhopijWLsqt57frRE3TADCAquP2NV',NA,NA,NA,NA
26,22,fdmQPvJNQq3jcq2DRpB9sGIDY3xMeyIS',14,21,NA,NA
29,10,fikOtDxj9Ale89YkqvvQaBZtjcAM8hTV',20,23,20,20
20,25,fiquML3R6iWdy0deSe5Yl6jx5PQuWa5O',NA,NA,NA,NA
NA,NA,flZp60VhRz3fCLJsNA8OVkMDkumi5R4Z',NA,NA,NA,NA
8,30,fvNZDjMphxM3T7eVxQxquvOA3n0GJS08',NA,NA,NA,NA
27,26,fwjPvqqlQ8XKrMojSPwDfQOdBthjgKut',15,25,NA,NA
24,28,g7iqihqq8ALd5YOEBbV6wmwWRSZYOyPC',NA,NA,NA,NA
15,35,gAU1YxyPbAVUPqPQ9TR4Md93sXwzzYDz',NA,NA,24,35
6,21,gEYYmyElOFv6g6zYIW6NwBbiCBsh4OrP',29,21,NA,NA
16,27,gIHlcxbgxZeJPtYwTgnHu4UMTwU823pV',NA,NA,NA,NA
NA,NA,gSfPa3RF9eWo7AaPVtT2tdbsG09Tl2fr',16,30,21,28
28,17,gTiewkDVlMS4qPSDwbSRjywjG0YC5UVZ',27,20,30,20
33,18,gnPVXZQl3GL4h4iHNuJkEXYEQkzDHtEG',NA,NA,NA,NA
NA,NA,gtqckTgnY4wRHBUzy8Ho4pAS51ZjQqqf',NA,NA,NA,NA
NA,NA,gutO3sYpSTAmZwxpZ7Xye5isFOmN62Fe',19,22,NA,NA
7,35,hCSDH64wisw5xfDoccrmqifzrxPWUIl9',NA,NA,NA,NA
19,24,hGZwURMSypBSz3v7jmHzHcCiG2DtvBKj',NA,NA,NA,NA
31,11,hHlMIVJl8i0gW0Gau9vqn58la1IXPFF6',NA,NA,NA,NA
NA,NA,hIdGKKjImav4heNicr7oaQ2Izk6MokJW',NA,NA,31,32
25,12,hJCXc65iohIigwJHn3KHlooObtPojCWl',25,12,18,6
20,24,hJXkCtpT44QsPrdGLBiADkELtzz3GrLR',28,26,30,21
27,18,hRgJmhDZiRfIjJHAaZPmO6eMzOqd1zED',29,19,NA,NA
23,25,hU9EkzMytsKwOBx3vWHOvzkB3AsN90SF',NA,NA,NA,NA
11,27,hZJW5nNRhl8rsSye4ynsH17Le3zlKUDy',17,18,12,11
34,29,ha2J5azntzE5HOmi37SU361SQd2axaCY',31,25,NA,NA
11,28,hjQlFTDBkwS9flJ5dPugXei6TidvOCM5',12,26,NA,NA
27,29,hmTrVuXrhJsrwHaZEGGypowDuI1ODNKO',NA,NA,NA,NA
20,12,hrZJLA3zRNSW9i5Rr4eWDnL1yrofFW4u',NA,NA,NA,NA
22,29,ht8b5kGQmYUA05EkwSK0zT3wnHn4n3hl',NA,NA,NA,NA
23,29,hzY09QBdjQoDQEr5xfDCY0n2zoJI1jH6',32,20,28,21
26,33,i1oJmLg8xF5jq8YNcHBoRbPLCO7RgoFt',17,32,NA,NA
31,22,i2vbS9rU5QnaGURIaYHM6xyxAufb9odo',NA,NA,NA,NA
27,30,i3mWXd4jXYSRT3Rcag4Pl5EpuLADYRXT',29,31,28,32
28,11,i6MDp1TGaJfidha0I10Xa2B9jNbGgnCF',NA,NA,NA,NA
20,21,iF6pxHXJ5hobZ7QCJtUuWoxmbndREPEv',NA,NA,NA,NA
NA,NA,iVou4OzPiPBhEleR2Lv0xHXWGWum8xCm',NA,NA,NA,NA
19,29,iXCfo7Z1B19dY9zklSfJUfozQGeh2zVE',NA,NA,NA,NA
7,25,iaAeI0inHFDYUZDRg4wxc9J3Xek0573r',NA,NA,NA,NA
23,16,iaUPhHtYpOTqBDPJuXi1XXQWm7egcf5F',24,12,20,18
NA,NA,iaxFEM4rxD5BVE25YYey23YU7PBRtE1R',28,25,27,25
25,14,ihS5J1GFNdePBfiGBzean7hRaB1y2wWt',NA,NA,NA,NA
11,35,iicP9uMvgCLmh2c67l31svtpDS8ERIVx',25,32,27,32
24,29,in1IjHTXeIucpOEUghDgASj352ApiBLV',NA,NA,NA,NA
9,35,iszQxcunTs8oBpMAwUmPQaFDDHlGz8V1',NA,NA,NA,NA
13,29,iw8Y2pLWuiwfRuUW37RsHWGIH6eeB1dx',14,26,NA,NA
22,24,iy0oB47Eix4pymFTQG27ObScRjUVBSV1',22,25,22,27
32,35,j0rz2VIXckMIujO7tAey673wUvuscXxP',NA,NA,NA,NA
35,20,j7hUgB7cXV5oyAkulB9higRmorWaplat',35,35,NA,NA
13,30,j8IYhIMsfL7fgP71hloQfDXs0eBMAVxN',NA,NA,NA,NA
24,24,jAR6ZGH8sUBcrM4RwbQgUY8sFVTudArk',27,21,27,19
15,30,jERI82brJse5HzS3pKSNkqp5cTgOsibJ',NA,NA,NA,NA
NA,NA,jFtb7bjpibw2KbR9yILuandY6bDYffzA',24,30,NA,NA
27,32,jGg1lPvTfW0XMRqG5OvpsCDTbtmeUpbr',31,30,24,28
32,33,jGs639Wsr5TuTGyD6mZm49fJ3BezmRRl',NA,NA,NA,NA
NA,NA,jK2GdH8UJsIeGJUJrDQLonp4LRz0cbQ0',31,16,NA,NA
30,34,jMqtj7UCFoboTkhWKp3cxIRg8Epq3iZN',NA,NA,NA,NA
17,30,jWVP8ktKVyFfYeRzWvKZTDGkV8ItR3y5',21,28,NA,NA
11,24,jfD6J6YLT5oN1nRUKk0NmQr1jsCSzB40',NA,NA,NA,NA
19,24,jj459vq29L3OIM36W0V8ocaoOVXyHmfy',13,27,16,28
11,5,jqrNts8MH7LyBTdxFIW75fkhW90PUjbD',NA,NA,NA,NA
35,34,jwwb02YJFuuXko0aUrstspTgw2GW8htI',30,26,31,22
NA,NA,jxmrD43x9eEgz7uq3TkILSHr6j0MTN3I',NA,NA,25,25
26,30,k20nRXMCyFrEhCaNKNYArBYRwUfzgIRl',29,27,29,26
23,13,kLNIxSpkDuCA9Vz7J3Tc62Mqt2DQyz8s',NA,NA,NA,NA
NA,NA,kNFgQ70IkzBdBGDcwq5e5ayvQrU9dNsQ',29,34,NA,NA
NA,NA,kNsbz79A7jdzhppYS0kvgINi9B9H2Umx',23,28,16,20
14,34,kY9bvMfhbKELhwnl0VyQxSviv8hFfcDG',14,35,NA,NA
22,24,kioX750MsZyJkal3itWX2HHzfr1Bx6nQ',NA,NA,NA,NA
31,20,kkqVlZhVozX8uR7SgcxqW4eOaAdiYT4D',26,18,30,20
15,32,knC0gxAb2db7pqaM3eemQMBKg7wJ9B3Z',19,30,NA,NA
30,22,lGTAJmv6aOFmGH9yRs0ZZMWJRBLD29IV',20,20,NA,NA
12,29,lMepAr69dZ0a5XGLnc359Qs34dVDOxJx',13,23,NA,NA
25,20,lTmgYQFNRzCChciqVL0uaB3ZKyigHQxJ',NA,NA,NA,NA
23,16,lXxmEUEY7FhRSsZuqOhxP9XPmQLTTIgQ',NA,NA,NA,NA
31,33,lghK5cZnUaQXqDLbYduAPnEP8TREUfEn',34,32,33,32
23,14,lh93MJLaw2S1RsIpLIadlS4TYUmKkMVE',23,9,NA,NA
33,35,lpQquxxwf9Shu6GaSKPjMsr4OGj80JfD',32,28,30,25
17,18,lqUqPoL35bR5nBQqFB1LVkrxAD4eFEGV',10,16,NA,NA
NA,NA,m3Je095nSb2YnWDKY4PwiEdFAJL27EIP',33,29,NA,NA
32,14,mKNHEIPcH6aUyDGrz0LfzjJw0HayBYTF',29,5,35,7
32,31,mMcOhDabPWrnfHBFMeA2V9OgAc9JVxan',NA,NA,NA,NA
28,34,mNeu6ZFAqzBD8iwxQXmtdRtwGUjvLduu',NA,NA,NA,NA
28,13,mS9DIUAFt5lDri13TWZneNH5U4dzfpJw',NA,NA,NA,NA
22,23,mWlJQxCA6gGoXHwSH4Ie4bkvDFTwICr0',21,20,20,27
31,18,mXMCQr2iNCUfyBSFVmrJbmDeWCHw06wu',NA,NA,NA,NA
27,25,mkVoRBpbeh0log6J51ePuFfZXRx8vI4u',NA,NA,NA,NA
16,23,mzRogPCRrDyttdIIhUTFk4PCQFmpX2xN',21,25,26,26
31,31,n1YZjDtljwdZHobxRqun7V7LU4vsniQN',29,29,27,26
35,19,n3miPDepY75LX4EnOFWyry5Lw7MlYu0i',NA,NA,NA,NA
27,26,n5No0nIfrLGEv9q0aPN8CPmiO77nTCEC',NA,NA,NA,NA
12,16,n6q9u7cGrJyaJag12yXVq8O8QVG8KWDe',NA,NA,NA,NA
11,31,nCDeTioHMeCbcoy0JCv9mTvsmQtl4COw',22,27,NA,NA
NA,NA,nEfXl2jxboQ5j8UG08dTv8036LoLA9hH',18,20,19,22
25,26,nTOY5Lt0BIyq10RAZ55mpXa444cX6wYz',NA,NA,NA,NA
NA,NA,nXRMIVn39T5T4VKtYdh1jpiuOFFVuamq',NA,NA,NA,NA
16,25,nYktj8MhVzhcqHe5abrvPRhobkf9Mzs4',NA,NA,NA,NA
22,28,ncl9oJKGLhQUxANBdQWqJO4yDUkvqFu4',NA,NA,NA,NA
16,25,nevXURsu2NuUb46B4M3cEg3qhq6vfDQF',NA,NA,NA,NA
21,23,nnjGLnLxunex561n7cl3kzj5rMEPRgsj',21,13,NA,NA
25,19,npWAnWYAqr4A8wwMYR8MYg8YfF7EgvtM',29,19,NA,NA
23,18,nu0vUJ2Gaf1XxRGOLQeGsfU1HgNiBWI8',31,12,NA,NA
21,35,nw855j1RgtzP5NyW6LxjFAZe1vFa5ICm',29,35,23,34
NA,NA,o1paQRHT2Dz7q5KvBQAK40qcvjAKHXgr',NA,NA,NA,NA
19,20,o2AzacF78pQq7xGiKd9hcvZ2hqBxuIQm',NA,NA,NA,NA
20,32,o6wagXiA7LqDPVeZPpiKbQrHsUOklyEQ',NA,NA,NA,NA
NA,NA,o76xPOgODdKKUaFKVxyBQrZIiGLEaXZL',14,24,NA,NA
15,24,oLj7OK4LORsOFjbV1957ZtWzxQGBx1lB',29,28,NA,NA
22,9,oQep9lQhHiMUAOCs3s7Z9oQNHPebGD94',23,8,18,5
34,10,oT8tba9HcQPbrZ9LrMYvRrAuuN4o2G5T',NA,NA,NA,NA
27,25,oX4v04EjRmWqTZe22WAUGpnfJVrA5R68',NA,NA,NA,NA
18,33,oiK4yXjCLt66fLT6dOXO2IKcYwJpW3ln',NA,NA,NA,NA
15,21,oriv8KlM7XL9jxesxGdnhzgFECPqTthU',NA,NA,NA,NA
32,10,orrCoTG5YzVWR16TLOO1BRyZIo7SqQkf',31,11,NA,NA
8,14,os7AV5nnEzCPpMd8q2wL5ifzxjNgcNGT',17,18,NA,NA
16,20,osT8NaRNxymF4Dbutsa7THcz89qDvvgK',NA,NA,NA,NA
NA,NA,ow5OAcMkhjnsTrEQoG1p8xscE8MSUcYW',28,19,26,14
NA,NA,p4LMcldutIJaDTvEWvgTBaDd27LF1j36',NA,NA,NA,NA
18,29,pDOUUoqboDqHHZYvV3J4r2MDBitobpNX',NA,NA,NA,NA
NA,NA,pHKCad7uWlqccWEhrJ6qwQ7qrBVu2WDR',NA,NA,NA,NA
NA,NA,pJV1nj6n4VhxvMLxRZWg2ubfXf44EHiH',NA,NA,NA,NA
30,29,pKhx8jRKtWvvGj3XmX2PYQQC3NeiAoDN',28,27,29,24
NA,NA,pKwMSCbNOGRrgVfCvMf7Zo32BlOnWLFz',NA,NA,NA,NA
15,27,pM2pDWiTLTlyT62aGQFlqV3v5YPyBdar',NA,NA,NA,NA
27,9,pOLZFqAJxfZE0ICkbYMb4gOUUZilODFt',NA,NA,NA,NA
24,25,piGcAmElSq9D41z3kAauDKqMe4JAse3k',NA,NA,NA,NA
NA,NA,pj8TWnIQpMUrceRiXYtlFTAuC6KiZHjQ',NA,NA,NA,NA
NA,NA,pl3gbA31eXfMfGkYalxCjWciLmGfYWwr',26,20,NA,NA
NA,NA,pl6DrmLz8JOne7UyEe1GGddj2LlwuHGA',28,33,24,34
13,23,pmrT5QihYwK6Dso9B4Zs9MtIiBfpS8UW',26,35,11,30
17,34,q9K2ZV0COe26GFJjknfdBtHvd2ZgOFP5',22,27,NA,NA
24,19,qE2yyTWLMeWLg4vQGbWRUEeaKyIMYuHm',25,22,25,18
33,16,qGKtXRr1hkHLpq1IPuBy3XYF5UMeDTuG',33,21,34,20
19,26,qJDYAooldWrTum4u1YFB8dn0xkBKJVZu',NA,NA,NA,NA
33,33,qJbHI0DvKzTrfoCFkHJEg5Y7Nb12Awzb',NA,NA,NA,NA
23,22,qNPs44tI0jOR6HDfB3uQF2W3t6ZIHC8l',23,18,24,20
23,30,qX13pQuwjyrHqjVlqZosc1fGumdprJWd',NA,NA,NA,NA
17,34,qYYC0yL4OT08uuUZfD24GCAltaYruC9m',NA,NA,NA,NA
24,20,qYrgOcOAFNlg73CAtncMuYsrl1abIGW1',NA,NA,NA,NA
25,30,qZJqLZ4omCtgjdyIi4jE5CzivnBxcsJK',26,30,NA,NA
20,32,qerPdz9mAJ3qa23AphH7bWkqNSCjrnm3',NA,NA,NA,NA
22,21,qmMhp8Sv7nqoro12spyV1DZSpOD6kLbI',21,25,NA,NA
18,32,qtsVlXHrvz6ygm6CsahQ8lTwQXKQDJqP',NA,NA,NA,NA
22,10,qyNh6H8pCpEBFgPNde6oU2vEQSkLOcWR',NA,NA,NA,NA
12,30,qzJoIhlbr6ciM5Bc2QSQ6OoyWulCT8ih',19,31,19,32
8,35,r2Mf7sg1XGQQQsw50gAhKByrJ9kYEpea',NA,NA,NA,NA
9,35,r3ObSeUqgUeLJxiOke9fdYK3Q6CQ9hyV',NA,NA,NA,NA
NA,NA,r3a7bHuqHdbOZnhWnwyi9TqFmNXm2uAd',12,16,NA,NA
16,32,rAKokarKySDixHCJUdvwAXSvPZbkLc1L',NA,NA,NA,NA
29,28,rBCiVoPImITTlKipJ3y6KYvNrbXUXg1m',25,27,25,27
9,23,rNTLD7syp1hsbLegZu2lq3hKJyEZwecn',NA,NA,NA,NA
10,32,rTencuLDg1Kmv5RvXlUH0BK8rwp8PbEb',12,18,17,16
30,12,rYKqNDOlwfabbFvRkFkLujyCVJFzpFsu',NA,NA,NA,NA
NA,NA,rcneLsGn4bSUWGl0W0iVa9TdAfQl9KRB',NA,NA,NA,NA
9,28,rjzJQeIjS7KlkUbqkDZH3yCCvaJ88EsX',NA,NA,NA,NA
27,15,s34jzwbszjlAzG0135Na90lEgWUTtdGW',NA,NA,NA,NA
27,24,sC1qlYWO3ha1ayRg1IMqgXGM78qJacd0',33,29,27,19
25,31,sF31lsG5NtvrBRnmmSI4a3lOqdHRLT2s',NA,NA,NA,NA
22,23,sK4IgTaYbsjkbdy3yHXmoldQk8pAV5Cr',NA,NA,NA,NA
22,33,sL9YuRaadHoLWJv9OtuFdzrLIopteeIN',25,31,NA,NA
NA,NA,sXNjAKgu83Ec1F2VPUdp6feHDyDVnKfa',NA,NA,NA,NA
8,5,sZ5VMpOJQ4blJih81u9jKk78MbaMzzdy',NA,NA,NA,NA
23,20,sm13ZRD1BFMIu89nL8FJfV2d7B4G4tnE',NA,NA,NA,NA
NA,NA,sn5VJSh5rPlbD9uAghJ6vZk9GYs2kHAr',25,27,27,35
8,30,sqIrs45pw9rvaBqW3QLE9NQYNsWT4WEN',12,33,19,27
34,7,tBx8lPPgtAakocORbYDiTOoM5AQ2kbiZ',34,8,34,16
24,30,tLiR0XzQrRXPz7nXpyCKF9rIgkcHd2Xd',22,31,20,28
21,22,tXkw57noQhk5RRuwDqS897634o7zK02N',18,20,14,20
30,14,tlMqoEX1xOQFyTWGaa48tMyTCpWwxWix',NA,NA,NA,NA
12,26,tmGZiV2YTfvtNUTEznxQ9BWqiy9hXvUe',16,25,NA,NA
24,28,tmzmiv3kgpKC6WBUH6vtm0LkyPQxNGW8',NA,NA,NA,NA
NA,NA,tnOTG4WuiBLzhquHmJkJgnZoW0zG9OVM',NA,NA,NA,NA
NA,NA,tuEkwiXT5B0dhhI6iqPzU66O8K36CYRo',NA,NA,NA,NA
23,35,u6lLTd7VuaMsPpu3yhFplXvyzqorx9yU',NA,NA,NA,NA
20,24,uD9HSOcwsttyjMd1KgDFTGnYQaTTriRa',NA,NA,NA,NA
30,18,uExj4FlSOfd0HGGRycloU5174zxRrmfU',NA,NA,NA,NA
23,19,uIBsL0rjktBbyfBslJRh3jxxuua1Agjk',19,24,NA,NA
18,22,uL8bTL2zowxUtTtfzoPcG0lsWLbNwOmI',28,29,25,26
26,29,uSigu5rwQidhG2q2zczb6K4nFxdKDDDa',27,24,25,26
12,27,uSnhUEkVT7dhESuSD96lRVdtMRoq9xj3',NA,NA,NA,NA
25,25,ufq78MofBSQu6l8gMVbTPs95lAoP2kBO',25,24,24,21
7,35,ujWqzr4GGrnGrAyfWx2OmopXbACVxURc',NA,NA,5,35
25,23,ujqytByVEMThElghKwDvs4Rfo74jNOKX',24,16,17,10
5,26,unbHqIeg3CGuKIFON7bgBpKuffQBAcEX',11,30,NA,NA
20,28,uoio1plOvijYnR5V2PtcljpVZ3zIVJQm',NA,NA,NA,NA
24,31,uosawFiOlETRtRVpcVJ4ikdPVfo0WpBj',30,33,23,32
13,29,utS1o6RGKrQxRjjUDw9nMrKWq0BzFVNq',10,31,NA,NA
18,22,vTkWcKbJxOa0MLS7GVL0tlPvp9PHTlkO',26,22,NA,NA
23,32,vZ47v9WF3ZoI6GAev7r5sNcK6pgEmGtS',NA,NA,NA,NA
18,25,vayMHtVfpoDa0wG4Z1G9zOkkHd0NiE9h',NA,NA,NA,NA
17,31,vbz9C5QjjUemocKiJUz00fNysdd33qhc',NA,NA,NA,NA
28,31,vhqMHwobfnai5OzrwWxfsveho3Q7niow',NA,NA,NA,NA
25,21,vo0BYjHypuI3jk3y2MZMZ3aRiGciIolJ',NA,NA,NA,NA
24,14,vo6uJ3XRz1CzuHq39g2AG5xW4JG42i1o',NA,NA,NA,NA
27,17,vs8iFR12fbq7sOCvOWnRajFlfpKfaP3I',NA,NA,NA,NA
32,26,vvHIVxw3joylhGRLf63pnAu8LjQrij5v',NA,NA,NA,NA
27,31,vwEN7xBDe3j4D0QrCnW4CfhvNDqbHOOw',33,32,NA,NA
22,23,w3qsoRyh2XNdvB4u0tHcGN1wRNDx5ZUJ',NA,NA,NA,NA
25,24,w71vzIVRi2QQ4n5UH5jteS7JB3QwRZq5',NA,NA,NA,NA
14,26,w8FZqhOblDMlQNUajRKkCIX9HdKpd1Uh',NA,NA,NA,NA
10,35,wC6jWfsrXPYLqdzhR0x8d5PFGGkkYgtK',NA,NA,NA,NA
22,18,wU0nSWJ6X8QXXnxmUWqlelGkuLPDKaqf',NA,NA,NA,NA
26,22,wVoz9cLoRVFnR96QVpMARzYmbH9ikykD',26,18,31,14
14,10,wbecTEqnXZCAY7C3vMOhWteB8M0wLpwD',NA,NA,NA,NA
24,22,whBtRUOpua5mRFCGwwPtLsYuhP47TUYc',NA,NA,NA,NA
13,25,whbUEPFEkCxRFTEqxQHhJGOpbQhnOL7Q',NA,NA,NA,NA
29,24,whwg0RtNbOSvK3xDAvP4v3CeYnUglDsz',30,29,31,30
13,29,wnErp9XIHh9kqlThJwQ9eWsrrv1NaTjr',19,26,15,14
NA,NA,wrsnToYthf66lBm7Mlmv2QxETLoWkG3u',23,34,17,34
33,12,wvJ7zekBvl8NIaAa0Al0MxrwpgMjnwNx',NA,NA,26,15
28,17,x14xKxrX4F0TlxyV6uIpa8V9Wsb3Onc4',NA,NA,NA,NA
24,26,x5pTuz2l06dA2cjD3BFtSRbwr9aDsCle',NA,NA,NA,NA
19,14,x6lE51iRDT3p1HXILddou1kN8VZRihMS',NA,NA,NA,NA
29,25,xB0BoqyYzZYSJEff1Z1NHsXbK2UjUvil',NA,NA,NA,NA
22,25,xI9FgRNXE64ED8HL1NqUhf8gx00iO1zU',26,33,24,32
19,35,xIqMEVlRS8ThVzMryHdLtieebivA9nZ9',NA,NA,NA,NA
15,35,xJGeTGg0QdwiCoAXOWvrP310kVAjP8ji',NA,NA,NA,NA
16,34,xM0PM8psEPMIRIzREog8tp0A8UIkHpAZ',NA,NA,NA,NA
22,15,xXBmGCfTxDZInYDjSiWTMhytNN9IOQ6y',22,10,24,16
35,11,xXjZoZGaH6a6FnoYquxq6MMO5nxD1PdB',35,17,35,11
7,31,xfPzGIJs0zHEWS5VDM7xaS8AY8NCYssz',NA,NA,NA,NA
NA,NA,xj7Pi4SC55jbyjKDrPPSRlHfJY6A4sso',21,29,26,30
12,32,xnirre5va0a0ilmA4gJdpl0SQWxdthlq',NA,NA,NA,NA
25,19,xsDvA62p99YQx0iMfGGai3iy7EhkWcoE',NA,NA,20,19
23,25,xtwxyXInG9SVN8zbtbxc1fcCTApRqvl9',20,26,NA,NA
33,32,xyZayUeAr4Cc3JEoqGmvxr3xQOMBNTZ7',34,27,33,25
30,23,y0CikGd4YUQytduRlOAumB7PfwDqbn1e',NA,NA,NA,NA
17,5,y0NvkJWviQwaIHSmzougM2hpVxN7VEJb',10,5,6,5
31,11,y5XdYIcEPqR5NsioBOOLBvkyZ3r8LN9m',32,6,NA,NA
25,23,y6uTaOpnCzcl3N74MZWluNhjkKNTlAk9',28,12,NA,NA
26,28,yEyucog6EDTYOzH7V5xptHtWtqcjYF50',NA,NA,NA,NA
22,31,yGOrFYp3y4cw8M7sVy2PPg6nT6VqBeMT',NA,NA,NA,NA
15,29,yGzO8oqL8qlmx3DVfbKKqoqB47WbrHh6',NA,NA,NA,NA
7,20,yHKQL2kfJosPyo7kVrZE7Il95UMsDT4O',6,21,10,20
19,35,yPXZz2WcNbFPxbafUrRShQup4ZO37knU',NA,NA,NA,NA
15,32,ybLIzO0Qj4Ya6q5ALxCoRSjKSbEixC5J',13,32,NA,NA
22,24,ydEW4ErK6iKYeFCQ2YhyRTrtJ9XWhbdO',29,27,NA,NA
26,30,yda4ijUYds8VojuM08SP4pT6SY4rCqdv',16,31,17,30
9,16,ydvKu3PIe9CM21bZnzBwjhYhnJAPdSMD',NA,NA,NA,NA
10,14,yfdKdkYwHnzDtVu6DbE4RfifVPNLkX2p',18,26,27,25
25,25,ygJK6Fsq2dXCLnkB6rYDOlAteHjHlvjD',30,21,28,15
17,35,ylqDPNkBZMKxvxIkeiDFnrm41BvJuyqi',15,35,22,28
25,23,ypM9qXLAHWOTGE1xb2v1N0utQC5tqi0q',29,18,30,13
24,27,yr3TOHuEdbS0T7NCRXN6CNVzHta1Kfak',NA,NA,NA,NA
30,17,z90qiB9OG1o6lXJtJXCo8tu8RU7d1Yzr',30,15,NA,NA
23,18,zF4i8iEnLDWBZkWpxN4gJcHWMGYvgDSp',26,20,23,20
16,17,zJkN3voWNBAYpO89icy9HAkKvuonItaS',NA,NA,NA,NA
26,28,zKGQqtfXPYTzCTYEoy9MnWpCfk71pHYO',NA,NA,NA,NA
34,27,zKJLsIkMdcqC02yFhMT2dqQR5zJai8Ta',NA,NA,NA,NA
16,17,zNtBquzAjkagnFfufpoTLTbksEvGP8I4',NA,NA,NA,NA
10,21,zS2VByw3hqpTbslZfdZs2AXgMDrYwXJy',NA,NA,NA,NA
20,17,zY0zj8rOKS7BjsEK2uyYKme7FMlD2B25',NA,NA,NA,NA
16,32,zYjcKVsxATSbfg1qlfsunqItNckMWFsD',NA,NA,NA,NA
31,21,zzUHwCpiSx7jBwiYigOVMBtVwyvgHe6n',34,11,33,22
